Field,Alias,Value Type,Description,Regular Expression
Order Number,"Order ID, Order #, Reference ID, ord",string,"Unique order identifier, e.g. ""102003702233176"". Source: conversion iframe ord parameter (fallback: visible ""Order # ..."" text).",^\d+$
Products,"Items, Line Items, Order Items",array<Product>,One entry per purchased line item (2 items in the fixture). Source: filmstrip image alts + conversion iframe prd parameter.,^\[.*\]$
Shipping,"Shipping Cost, Shipping Fee, Delivery Fee",string,"Shipping charge as a string; ""0"" when free.",^\d+(\.\d{2})?$
Subtotal,"Sub Total, Items Subtotal",string,"Sum of all line totals, 2-decimal money, e.g. ""129.99"". Derived: sum of (Unit Price × Quantity).",^\d+\.\d{2}$
Grand Total,"Order Total, Total, Total Charged, cost",string,"Total charged incl. tax/shipping, 2-decimal money, e.g. ""129.99"". Source: conversion iframe cost parameter.",^\d+\.\d{2}$
Tax,"Sales Tax, Tax Amount, Estimated Tax",string,"Tax amount, 2-decimal money; ""0"" when zero. Derived: Grand Total - Subtotal - Shipping.",^(\d+\.\d{2}|0)$
Payment Type,"Payment Method, Card Type, Tender Type",string|null,null - no payment method is rendered on this page.,^(Visa|Mastercard|Amex|Discover|PayPal|Store Card|null)$
Products[].Product Name,"Item Name, Product Title, Title",string,"Human-readable product title, e.g. ""Large Chunky Weave Basket - Threshold™ designed with Studio McGee"".",^.+$
Products[].Unit Price,"Price, Item Price, p (prd param)",string,"Price per unit, 2-decimal money, e.g. ""69.99"" or ""60.00"".",^\d+\.\d{2}$
Products[].Quantity,"Qty, Count, q (prd param)",string,"Number of units as a string, e.g. ""1"".",^\d+$
Products[].Line Total,"Item Total, Extended Price, Line Subtotal",string,"Unit Price × Quantity, 2-decimal money, e.g. ""69.99"".",^\d+\.\d{2}$
